seq,kind,id,form_name,form_class,caption,how,file,pages,status,note
1,"form","introform","introform","Introform","Introductory Form","appeared on its own","forms/introform.png",0,"ok","469x328 modal"
2,"screen","main","_SCREEN","","Tasmanian Traders","","screen/main.png",0,"ok","main window after start-up, no form open"
3,"form","customer-before","frmcustomers","Tsmaintform","Customers","oApp.DoForm(""customer""); Contact Title changed; Save","forms/customer-before.png",0,"ok","604x352"
4,"form","customer-saved","frmcustomers","Tsmaintform","Customers","after Save() of the changed Contact Title","forms/customer-saved.png",0,"ok","604x352"
5,"form","custadd","frmAddCustomer","Tsbaseform","Add Customer","modal, see driver row","forms/custadd.png",0,"ok","599x354 modal"
6,"form","custadd-filled","frmAddCustomer","Tsbaseform","Add Customer","ID BASEL, contact, maximum 5000, minimum 0 typed","forms/custadd-filled.png",0,"ok","599x354 modal"
7,"driver","custadd","","","","oApp.DoForm(""custadd"", ""Baseline Capture Co.""); ID BASEL; OK saves","",0,"returned",""
8,"error","REMAININGCREDIT","","","","","",0,"error","1807 SQL: GROUP BY clause is missing or invalid. line 75"
9,"error","REMAININGCREDIT","","","","","",0,"error","12 Variable 'TOTALORDER' is not found. line 77"
10,"error","REMAININGCREDIT","","","","","",0,"error","13 Alias 'ORDERAMOUNTS' is not found. line 80"
11,"error","REMAININGCREDIT","","","","","",0,"error","107 Operator/operand type mismatch. line 84"
12,"error","REMAININGCREDIT","","","","","",0,"error","1807 SQL: GROUP BY clause is missing or invalid. line 75"
13,"error","REMAININGCREDIT","","","","","",0,"error","12 Variable 'TOTALORDER' is not found. line 77"
14,"error","REMAININGCREDIT","","","","","",0,"error","13 Alias 'ORDERAMOUNTS' is not found. line 80"
15,"error","REMAININGCREDIT","","","","","",0,"error","107 Operator/operand type mismatch. line 84"
16,"form","ordentry-before","frmorderentry","Orderentry","Order Entry","oApp.DoForm(""ordentry""); AddNew; ALFKI, Chai x 150, shipper 1; Save; then (engine 70) a second order filled by Last Order > Add to current order","forms/ordentry-before.png",0,"ok","607x354"
17,"error","REMAININGCREDIT","","","","","",0,"error","1807 SQL: GROUP BY clause is missing or invalid. line 75"
18,"error","REMAININGCREDIT","","","","","",0,"error","1583 Record validation rule is violated. line 77"
19,"error","REMAININGCREDIT","","","","","",0,"error","13 Alias 'ORDERAMOUNTS' is not found. line 80"
20,"error","REMAININGCREDIT","","","","","",0,"error","107 Operator/operand type mismatch. line 84"
21,"error","REMAININGCREDIT","","","","","",0,"error","1807 SQL: GROUP BY clause is missing or invalid. line 75"
22,"error","REMAININGCREDIT","","","","","",0,"error","24 Alias name is already in use. line 66"
23,"error","REMAININGCREDIT","","","","","",0,"error","1807 SQL: GROUP BY clause is missing or invalid. line 75"
24,"error","REMAININGCREDIT","","","","","",0,"error","12 Variable 'TOTALORDER' is not found. line 77"
25,"error","REMAININGCREDIT","","","","","",0,"error","13 Alias 'ORDERAMOUNTS' is not found. line 80"
26,"error","REMAININGCREDIT","","","","","",0,"error","107 Operator/operand type mismatch. line 84"
27,"error","VALORDER","","","","","",0,"error","107 Operator/operand type mismatch. line 138"
28,"error","VALORDER","","","","","",0,"error","107 Operator/operand type mismatch. line 139"
29,"error","VALORDER","","","","","",0,"error","11 Function argument value, type, or count is invalid. line 145"
30,"error","VALORDER","","","","","",0,"error","107 Operator/operand type mismatch. line 146"
31,"error","REMAININGCREDIT","","","","","",0,"error","12 Variable 'TOTALORDER' is not found. line 77"
32,"error","REMAININGCREDIT","","","","","",0,"error","13 Alias '_ORDERS' is not found. line 79"
33,"error","REMAININGCREDIT","","","","","",0,"error","13 Alias 'ORDERAMOUNTS' is not found. line 80"
34,"error","REMAININGCREDIT","","","","","",0,"error","107 Operator/operand type mismatch. line 84"
35,"error","REMAININGCREDIT","","","","","",0,"error","1807 SQL: GROUP BY clause is missing or invalid. line 75"
36,"error","REMAININGCREDIT","","","","","",0,"error","12 Variable 'TOTALORDER' is not found. line 77"
37,"error","REMAININGCREDIT","","","","","",0,"error","13 Alias 'ORDERAMOUNTS' is not found. line 80"
38,"error","REMAININGCREDIT","","","","","",0,"error","107 Operator/operand type mismatch. line 84"
39,"form","ordentry-filled","frmorderentry","Orderentry","Order Entry","new order: ALFKI, Chai x 150, shipper 1","forms/ordentry-filled.png",0,"ok","607x354"
40,"form","ordentry-saved","frmorderentry","Orderentry","Order Entry","after Save(): the order and its line committed","forms/ordentry-saved.png",0,"ok","607x354"
41,"driver","ordhist","","","","skipped","",0,"skipped","Order History does not open under ENGINEBEHAVIOR 90 (its view fails); the item copy runs with -Engine 70"
42,"form","chngpswd","frmChangePassword","Tsbaseform","Change Password","modal, see driver row","forms/chngpswd.png",0,"ok","426x168 modal"
43,"form","chngpswd-filled","frmChangePassword","Tsbaseform","Change Password","old password typed, new and confirm both baseline","forms/chngpswd-filled.png",0,"ok","426x168 modal"
44,"driver","chngpswd","","","","oApp.DoForm(""chngpswd""); old from the Hint box, new = confirm = baseline; OK saves","",0,"returned",""
45,"form","loginpicture","loginpicture","Loginpicture","Login","modal, see driver row","forms/loginpicture.png",0,"ok","437x316 modal"
46,"form","loginpicture-filled","loginpicture","Loginpicture","Login","Buchanan chosen, the password just set typed","forms/loginpicture-filled.png",0,"ok","437x316 modal"
47,"driver","loginpicture","","","","oApp.DoFormRetVal(""loginpicture""); password baseline; OK","",0,"returned","uRetVal "
48,"form","customer-before","frmcustomers","Tsmaintform","Customers","oApp.DoForm(""customer""); positioned on BASEL; Delete answered Yes","forms/customer-before.png",0,"ok","604x352"
49,"form","customer-positioned","frmcustomers","Tsmaintform","Customers","positioned on BASEL, the customer added in this run","forms/customer-positioned.png",0,"ok","604x352"
50,"form","customer-deleted","frmcustomers","Tsmaintform","Customers","after Delete() confirmed Yes: BASEL gone, next record shown","forms/customer-deleted.png",0,"ok","604x352"
51,"screen","end","_SCREEN","","Tasmanian Traders","","screen/end.png",0,"ok","main window after every form was released"
