seq,time,title,text,buttons,pressed,file
1,"17:25:16","Tasmanian Traders","Minimum order amount must be less than or equal to maximum order amount.","OK","OK","dialogs\01.png"
2,"17:25:31","Delete Warning","Are you sure you want to delete this record?","Yes/No","Yes","dialogs\02.png"
3,"17:25:32","Tasmanian Traders","Shipper exists on orders. Cannot delete!","OK","OK","dialogs\03.png"
4,"17:25:39","An error has occurred","SQL: GROUP BY clause is missing or invalid.Method: remainingcreditLine: 75","Abort/Retry/Ignore","Ignore","dialogs\04.png"
5,"17:25:40","An error has occurred","Variable 'TOTALORDER' is not found.Method: remainingcreditLine: 77","Abort/Retry/Ignore","Ignore","dialogs\05.png"
6,"17:25:42","An error has occurred","Alias 'ORDERAMOUNTS' is not found.Method: remainingcreditLine: 80","Abort/Retry/Ignore","Ignore","dialogs\06.png"
7,"17:25:44","An error has occurred","Operator/operand type mismatch.Method: remainingcreditLine: 84","Abort/Retry/Ignore","Ignore","dialogs\07.png"
8,"17:25:53","Tasmanian Traders","An order must have at least one line item.","OK","OK","dialogs\08.png"
9,"17:25:58","Tasmanian Traders","An order must have at least one line item.","OK","OK","dialogs\09.png"
10,"17:26:00","Tasmanian Traders","Customer order total must be at least $2600.00Save anyway?","Yes/No","No","dialogs\10.png"
11,"17:26:02","Tasmanian Traders","Customer order total must be at least $2600.00Save anyway?","Yes/No","No","dialogs\11.png"
12,"17:26:07","An error has occurred","SQL: GROUP BY clause is missing or invalid.Method: remainingcreditLine: 75","Abort/Retry/Ignore","Ignore","dialogs\12.png"
13,"17:26:09","An error has occurred","Variable 'TOTALORDER' is not found.Method: remainingcreditLine: 77","Abort/Retry/Ignore","Ignore","dialogs\13.png"
14,"17:26:10","An error has occurred","Alias 'ORDERAMOUNTS' is not found.Method: remainingcreditLine: 80","Abort/Retry/Ignore","Ignore","dialogs\14.png"
15,"17:26:12","An error has occurred","Operator/operand type mismatch.Method: remainingcreditLine: 84","Abort/Retry/Ignore","Ignore","dialogs\15.png"
16,"17:26:14","An error has occurred","Operator/operand type mismatch.Method: valorderLine: 138","Abort/Retry/Ignore","Ignore","dialogs\16.png"
17,"17:26:16","An error has occurred","Operator/operand type mismatch.Method: valorderLine: 139","Abort/Retry/Ignore","Ignore","dialogs\17.png"
18,"17:26:17","An error has occurred","Function argument value, type, or count is invalid.Method: valorderLine: 145","Abort/Retry/Ignore","Ignore","dialogs\18.png"
19,"17:26:19","An error has occurred","Operator/operand type mismatch.Method: valorderLine: 146","Abort/Retry/Ignore","Ignore","dialogs\19.png"
20,"17:26:21","Tasmanian Traders","Customer order total must be at least $2600.00Save anyway?","Yes/No","No","dialogs\20.png"
21,"17:26:22","An error has occurred","SQL: GROUP BY clause is missing or invalid.Method: remainingcreditLine: 75","Abort/Retry/Ignore","Ignore","dialogs\21.png"
22,"17:26:24","An error has occurred","Alias name is already in use.Method: remainingcreditLine: 66","Abort/Retry/Ignore","Ignore","dialogs\22.png"
23,"17:26:26","An error has occurred","SQL: GROUP BY clause is missing or invalid.Method: remainingcreditLine: 75","Abort/Retry/Ignore","Ignore","dialogs\23.png"
24,"17:26:28","An error has occurred","Variable 'TOTALORDER' is not found.Method: remainingcreditLine: 77","Abort/Retry/Ignore","Ignore","dialogs\24.png"
25,"17:26:29","An error has occurred","Alias 'ORDERAMOUNTS' is not found.Method: remainingcreditLine: 80","Abort/Retry/Ignore","Ignore","dialogs\25.png"
26,"17:26:31","An error has occurred","Operator/operand type mismatch.Method: remainingcreditLine: 84","Abort/Retry/Ignore","Ignore","dialogs\26.png"
27,"17:26:33","An error has occurred","Operator/operand type mismatch.Method: valorderLine: 138","Abort/Retry/Ignore","Ignore","dialogs\27.png"
28,"17:26:34","An error has occurred","Operator/operand type mismatch.Method: valorderLine: 139","Abort/Retry/Ignore","Ignore","dialogs\28.png"
29,"17:26:36","An error has occurred","Function argument value, type, or count is invalid.Method: valorderLine: 145","Abort/Retry/Ignore","Ignore","dialogs\29.png"
30,"17:26:38","An error has occurred","Operator/operand type mismatch.Method: valorderLine: 146","Abort/Retry/Ignore","Ignore","dialogs\30.png"
31,"17:26:40","Tasmanian Traders","Customer order total must be at least $2600.00Save anyway?","Yes/No","No","dialogs\31.png"
32,"17:26:41","An error has occurred","Alias '_ORDERS' is not found.Method: remainingcreditLine: 79","Abort/Retry/Ignore","Ignore","dialogs\32.png"
33,"17:26:43","An error has occurred","Alias 'ORDERAMOUNTS' is not found.Method: remainingcreditLine: 80","Abort/Retry/Ignore","Ignore","dialogs\33.png"
34,"17:26:45","An error has occurred","Operator/operand type mismatch.Method: remainingcreditLine: 84","Abort/Retry/Ignore","Ignore","dialogs\34.png"
35,"17:26:46","An error has occurred","Operator/operand type mismatch.Method: Operator/operand type mismatch.Line: 0","Abort/Retry/Ignore","Ignore","dialogs\35.png"
36,"17:26:48","An error has occurred","SQL: GROUP BY clause is missing or invalid.Method: remainingcreditLine: 75","Abort/Retry/Ignore","Ignore","dialogs\36.png"
37,"17:26:50","An error has occurred","Alias name is already in use.Method: remainingcreditLine: 66","Abort/Retry/Ignore","Ignore","dialogs\37.png"
38,"17:26:52","An error has occurred","SQL: GROUP BY clause is missing or invalid.Method: remainingcreditLine: 75","Abort/Retry/Ignore","Ignore","dialogs\38.png"
39,"17:26:53","An error has occurred","Variable 'TOTALORDER' is not found.Method: remainingcreditLine: 77","Abort/Retry/Ignore","Ignore","dialogs\39.png"
40,"17:26:55","An error has occurred","Alias 'ORDERAMOUNTS' is not found.Method: remainingcreditLine: 80","Abort/Retry/Ignore","Ignore","dialogs\40.png"
41,"17:26:57","An error has occurred","Operator/operand type mismatch.Method: remainingcreditLine: 84","Abort/Retry/Ignore","Ignore","dialogs\41.png"
42,"17:26:59","An error has occurred","Operator/operand type mismatch.Method: valorderLine: 138","Abort/Retry/Ignore","Ignore","dialogs\42.png"
43,"17:27:00","An error has occurred","Operator/operand type mismatch.Method: valorderLine: 139","Abort/Retry/Ignore","Ignore","dialogs\43.png"
44,"17:27:02","An error has occurred","Function argument value, type, or count is invalid.Method: valorderLine: 145","Abort/Retry/Ignore","Ignore","dialogs\44.png"
45,"17:27:04","An error has occurred","Operator/operand type mismatch.Method: valorderLine: 146","Abort/Retry/Ignore","Ignore","dialogs\45.png"
46,"17:27:05","Tasmanian Traders","Customer order total must be at least $2600.00Save anyway?","Yes/No","No","dialogs\46.png"
47,"17:27:07","An error has occurred","Alias '_ORDERS' is not found.Method: remainingcreditLine: 79","Abort/Retry/Ignore","Ignore","dialogs\47.png"
48,"17:27:09","An error has occurred","Alias 'ORDERAMOUNTS' is not found.Method: remainingcreditLine: 80","Abort/Retry/Ignore","Ignore","dialogs\48.png"
49,"17:27:11","An error has occurred","Operator/operand type mismatch.Method: remainingcreditLine: 84","Abort/Retry/Ignore","Ignore","dialogs\49.png"
50,"17:27:16","Tasmanian Traders","Customer order total must be at least $2600.00Save anyway?","Yes/No","No","dialogs\50.png"
51,"17:27:18","Tasmanian Traders","Customer order total must be at least $2600.00Save anyway?","Yes/No","No","dialogs\51.png"
52,"17:27:23","An error has occurred","SQL: GROUP BY clause is missing or invalid.Method: remainingcreditLine: 75","Abort/Retry/Ignore","Ignore","dialogs\52.png"
53,"17:27:25","An error has occurred","Variable 'TOTALORDER' is not found.Method: remainingcreditLine: 77","Abort/Retry/Ignore","Ignore","dialogs\53.png"
54,"17:27:26","An error has occurred","Alias 'ORDERAMOUNTS' is not found.Method: remainingcreditLine: 80","Abort/Retry/Ignore","Ignore","dialogs\54.png"
55,"17:27:28","An error has occurred","Operator/operand type mismatch.Method: remainingcreditLine: 84","Abort/Retry/Ignore","Ignore","dialogs\55.png"
56,"17:27:30","An error has occurred","Operator/operand type mismatch.Method: valorderLine: 138","Abort/Retry/Ignore","Ignore","dialogs\56.png"
57,"17:27:31","An error has occurred","Operator/operand type mismatch.Method: valorderLine: 139","Abort/Retry/Ignore","Ignore","dialogs\57.png"
58,"17:27:33","An error has occurred","Function argument value, type, or count is invalid.Method: valorderLine: 145","Abort/Retry/Ignore","Ignore","dialogs\58.png"
59,"17:27:35","An error has occurred","Operator/operand type mismatch.Method: valorderLine: 146","Abort/Retry/Ignore","Ignore","dialogs\59.png"
60,"17:27:37","Tasmanian Traders","Customer order total must be at least $2600.00Save anyway?","Yes/No","No","dialogs\60.png"
61,"17:27:38","An error has occurred","SQL: GROUP BY clause is missing or invalid.Method: remainingcreditLine: 75","Abort/Retry/Ignore","Ignore","dialogs\61.png"
62,"17:27:40","An error has occurred","Alias name is already in use.Method: remainingcreditLine: 66","Abort/Retry/Ignore","Ignore","dialogs\62.png"
63,"17:27:42","An error has occurred","SQL: GROUP BY clause is missing or invalid.Method: remainingcreditLine: 75","Abort/Retry/Ignore","Ignore","dialogs\63.png"
64,"17:27:43","An error has occurred","Variable 'TOTALORDER' is not found.Method: remainingcreditLine: 77","Abort/Retry/Ignore","Ignore","dialogs\64.png"
65,"17:27:45","An error has occurred","Alias 'ORDERAMOUNTS' is not found.Method: remainingcreditLine: 80","Abort/Retry/Ignore","Ignore","dialogs\65.png"
66,"17:27:47","An error has occurred","Operator/operand type mismatch.Method: remainingcreditLine: 84","Abort/Retry/Ignore","Ignore","dialogs\66.png"
67,"17:27:49","An error has occurred","Operator/operand type mismatch.Method: valorderLine: 138","Abort/Retry/Ignore","Ignore","dialogs\67.png"
68,"17:27:50","An error has occurred","Operator/operand type mismatch.Method: valorderLine: 139","Abort/Retry/Ignore","Ignore","dialogs\68.png"
69,"17:27:52","An error has occurred","Function argument value, type, or count is invalid.Method: valorderLine: 145","Abort/Retry/Ignore","Ignore","dialogs\69.png"
70,"17:27:54","An error has occurred","Operator/operand type mismatch.Method: valorderLine: 146","Abort/Retry/Ignore","Ignore","dialogs\70.png"
71,"17:27:55","Tasmanian Traders","Customer order total must be at least $2600.00Save anyway?","Yes/No","No","dialogs\71.png"
72,"17:27:57","An error has occurred","Alias '_ORDERS' is not found.Method: remainingcreditLine: 79","Abort/Retry/Ignore","Ignore","dialogs\72.png"
73,"17:27:59","An error has occurred","Alias 'ORDERAMOUNTS' is not found.Method: remainingcreditLine: 80","Abort/Retry/Ignore","Ignore","dialogs\73.png"
74,"17:28:01","An error has occurred","Operator/operand type mismatch.Method: remainingcreditLine: 84","Abort/Retry/Ignore","Ignore","dialogs\74.png"
75,"17:28:02","An error has occurred","Operator/operand type mismatch.Method: Operator/operand type mismatch.Line: 0","Abort/Retry/Ignore","Ignore","dialogs\75.png"
76,"17:28:04","An error has occurred","SQL: GROUP BY clause is missing or invalid.Method: remainingcreditLine: 75","Abort/Retry/Ignore","Ignore","dialogs\76.png"
77,"17:28:06","An error has occurred","Alias name is already in use.Method: remainingcreditLine: 66","Abort/Retry/Ignore","Ignore","dialogs\77.png"
78,"17:28:07","An error has occurred","SQL: GROUP BY clause is missing or invalid.Method: remainingcreditLine: 75","Abort/Retry/Ignore","Ignore","dialogs\78.png"
79,"17:28:09","An error has occurred","Variable 'TOTALORDER' is not found.Method: remainingcreditLine: 77","Abort/Retry/Ignore","Ignore","dialogs\79.png"
80,"17:28:11","An error has occurred","Alias 'ORDERAMOUNTS' is not found.Method: remainingcreditLine: 80","Abort/Retry/Ignore","Ignore","dialogs\80.png"
81,"17:28:13","An error has occurred","Operator/operand type mismatch.Method: remainingcreditLine: 84","Abort/Retry/Ignore","Ignore","dialogs\81.png"
82,"17:28:14","An error has occurred","Operator/operand type mismatch.Method: valorderLine: 138","Abort/Retry/Ignore","Ignore","dialogs\82.png"
83,"17:28:16","An error has occurred","Operator/operand type mismatch.Method: valorderLine: 139","Abort/Retry/Ignore","Ignore","dialogs\83.png"
84,"17:28:18","An error has occurred","Function argument value, type, or count is invalid.Method: valorderLine: 145","Abort/Retry/Ignore","Ignore","dialogs\84.png"
85,"17:28:19","An error has occurred","Operator/operand type mismatch.Method: valorderLine: 146","Abort/Retry/Ignore","Ignore","dialogs\85.png"
86,"17:28:21","Tasmanian Traders","Customer order total must be at least $2600.00Save anyway?","Yes/No","No","dialogs\86.png"
87,"17:28:23","An error has occurred","Alias '_ORDERS' is not found.Method: remainingcreditLine: 79","Abort/Retry/Ignore","Ignore","dialogs\87.png"
88,"17:28:25","An error has occurred","Alias 'ORDERAMOUNTS' is not found.Method: remainingcreditLine: 80","Abort/Retry/Ignore","Ignore","dialogs\88.png"
89,"17:28:26","An error has occurred","Operator/operand type mismatch.Method: remainingcreditLine: 84","Abort/Retry/Ignore","Ignore","dialogs\89.png"
90,"17:28:32","An error has occurred","SQL: GROUP BY clause is missing or invalid.Method: remainingcreditLine: 75","Abort/Retry/Ignore","Ignore","dialogs\90.png"
91,"17:28:33","An error has occurred","Variable 'TOTALORDER' is not found.Method: remainingcreditLine: 77","Abort/Retry/Ignore","Ignore","dialogs\91.png"
92,"17:28:35","An error has occurred","Alias 'ORDERAMOUNTS' is not found.Method: remainingcreditLine: 80","Abort/Retry/Ignore","Ignore","dialogs\92.png"
93,"17:28:37","An error has occurred","Operator/operand type mismatch.Method: remainingcreditLine: 84","Abort/Retry/Ignore","Ignore","dialogs\93.png"
94,"17:28:46","Tasmanian Traders","Customer ID cannot be empty.","OK","OK","dialogs\94.png"
95,"17:28:59","Tasmanian Traders","Cannot confirm new password. Please try again.","OK","OK","dialogs\95.png"
96,"17:29:08","Tasmanian Traders","You have not yet entered the old password. Do you want to continue?","Yes/No","No","dialogs\96.png"
97,"17:29:18","Microsoft Visual FoxPro","Password is invalid. (See Hint textbox)","OK","OK","dialogs\97.png"
98,"17:29:43","Report Parameters","VFP form gettitle opened by a report data environment; width 308 px on screen","OK (default)/Cancel","{DOWN}{ENTER}","forms\gettitle.png"
